mutation,num,link
1078delT,0,https://www.ncbi.nlm.nih.gov/clinvar/RCV000007583/
1078delT,1,https://www.ncbi.nlm.nih.gov/clinvar/RCV000079016/
1119delA,1,https://www.ncbi.nlm.nih.gov/clinvar/variation/54097
1119delA,0,https://www.ncbi.nlm.nih.gov/clinvar/RCV000007567/
1138insG,1,https://www.ncbi.nlm.nih.gov/clinvar/variation/53161
1138insG,0,https://www.ncbi.nlm.nih.gov/clinvar/RCV000046194
1154insTC,1,https://www.ncbi.nlm.nih.gov/clinvar/RCV000780169.1/
1154insTC,0,https://www.ncbi.nlm.nih.gov/clinvar/RCV000007554/
1161delC,1,https://www.ncbi.nlm.nih.gov/clinvar/RCV000046204.6/
1161delC,0,https://www.ncbi.nlm.nih.gov/clinvar/RCV000046204/
1213delT,1,https://www.ncbi.nlm.nih.gov/clinvar/variation/7135/
1213delT,0,https://www.ncbi.nlm.nih.gov/clinvar/RCV000007555/
1249-1G->A,1,https://www.ncbi.nlm.nih.gov/clinvar/RCV000056340/
1249-1G->A,0,https://www.ncbi.nlm.nih.gov/clinvar/RCV000191004/
124del23bp,1,https://www.ncbi.nlm.nih.gov/clinvar/RCV000007567/
124del23bp,0,https://www.ncbi.nlm.nih.gov/clinvar/RCV000046190/
124del23bp,2,http://genome.ucsc.edu/cgi-bin/hgc?hgsid=874522749_fmV2Y8oM59HkENX0O88pTchMJRfC&c=chr7&l=117246781&r=117246832&o=117120078&t=117308719&g=ncbiRefSeqCurated&i=NM_000492.4
1259insA,1,https://www.ncbi.nlm.nih.gov/clinvar/variation/487392
1259insA,0,https://www.ncbi.nlm.nih.gov/clinvar/RCV000056341/
1288insTA,1,https://www.ncbi.nlm.nih.gov/clinvar/RCV000046247.8/
1288insTA,0,https://www.ncbi.nlm.nih.gov/clinvar/RCV001004257/
1342-2A->C,1,https://www.ncbi.nlm.nih.gov/clinvar/RCV001193108.2/
1342-2A->C,0,https://www.ncbi.nlm.nih.gov/clinvar/RCV001004258.1/
1343delG,1,https://www.ncbi.nlm.nih.gov/clinvar/RCV000987960
1343delG,0,https://www.ncbi.nlm.nih.gov/clinvar/RCV000576433.1/
1429del7,1,https://www.ncbi.nlm.nih.gov/clinvar/RCV000029529/
1429del7,0,https://www.ncbi.nlm.nih.gov/clinvar/RCV000007567/
1460delAT,1,https://www.ncbi.nlm.nih.gov/clinvar/RCV000303090/
1460delAT,0,https://www.ncbi.nlm.nih.gov/clinvar/RCV000780144.1/
1461ins4,1,https://www.ncbi.nlm.nih.gov/clinvar/RCV000169333/
1461ins4,0,https://www.ncbi.nlm.nih.gov/clinvar/RCV000224712/
1471delA,1,https://www.ncbi.nlm.nih.gov/clinvar/RCV000586160/
1471delA,0,https://www.ncbi.nlm.nih.gov/clinvar/RCV000046278/
1497delGG,1,https://www.ncbi.nlm.nih.gov/clinvar/RCV000586160/
1497delGG,0,https://www.ncbi.nlm.nih.gov/clinvar/RCV000191006/
1504delG,1,https://www.ncbi.nlm.nih.gov/clinvar/RCV001004448.1/
1504delG,0,https://www.ncbi.nlm.nih.gov/clinvar/RCV000046285/
1525-1G->A,1,https://www.ncbi.nlm.nih.gov/clinvar/RCV001004433.1/
1525-1G->A,0,https://www.ncbi.nlm.nih.gov/clinvar/RCV000056347.7/
1525-2A->G,1,https://www.ncbi.nlm.nih.gov/clinvar/RCV000056347.7/
1525-2A->G,0,https://www.ncbi.nlm.nih.gov/clinvar/RCV000046291/
1548delG,1,https://www.ncbi.nlm.nih.gov/clinvar/RCV000046300.6/
1548delG,0,https://www.ncbi.nlm.nih.gov/clinvar/RCV000046300/
1609delCA,1,https://www.ncbi.nlm.nih.gov/clinvar/RCV000007640.6/
1609delCA,0,https://www.ncbi.nlm.nih.gov/clinvar/RCV000007640/
1677delTA,1,https://www.ncbi.nlm.nih.gov/clinvar/68101184/
1677delTA,0,https://www.ncbi.nlm.nih.gov/clinvar/RCV000007560/
1717-1G->A,1,https://www.ncbi.nlm.nih.gov/clinvar/RCV001004462.1/
1717-1G->A,0,https://www.ncbi.nlm.nih.gov/clinvar/RCV000007532/
1717-2A->G,1,https://www.ncbi.nlm.nih.gov/clinvar/RCV000007532/
1717-2A->G,0,https://www.ncbi.nlm.nih.gov/clinvar/RCV001328347/
1717-8G->A,1,https://www.ncbi.nlm.nih.gov/clinvar/RCV000007532/
1717-8G->A,0,https://www.ncbi.nlm.nih.gov/clinvar/RCV000029481/
175insT,0,https://www.ncbi.nlm.nih.gov/clinvar/RCV000577158/
175insT,1,https://www.ncbi.nlm.nih.gov/clinvar/RCV000047175/
1782delA,0,https://www.ncbi.nlm.nih.gov/clinvar/RCV000007540/
1782delA,1,https://www.ncbi.nlm.nih.gov/clinvar/RCV000046747/
1802delC,0,https://www.ncbi.nlm.nih.gov/clinvar/variation/53326/
1802delC,1,https://www.ncbi.nlm.nih.gov/clinvar/RCV000029491/
1812-1G->A,0,https://www.ncbi.nlm.nih.gov/clinvar/RCV000056352/
1812-1G->A,1,https://www.ncbi.nlm.nih.gov/clinvar/RCV001004264.1/
1824delA,1,https://www.ncbi.nlm.nih.gov/clinvar/RCV000029515/
1824delA,0,https://www.ncbi.nlm.nih.gov/clinvar/RCV001004267.1/
182delT,1,https://www.ncbi.nlm.nih.gov/clinvar/96121289
182delT,0,https://www.ncbi.nlm.nih.gov/clinvar/RCV000047175/
1833delT,0,https://www.ncbi.nlm.nih.gov/clinvar/RCV000046430/
1833delT,1,https://www.ncbi.nlm.nih.gov/clinvar/RCV000007567/
1924del7,0,https://www.ncbi.nlm.nih.gov/clinvar/RCV000577515
1924del7,1,https://www.ncbi.nlm.nih.gov/clinvar/variation/38735
1949del84,0,https://www.ncbi.nlm.nih.gov/clinvar/RCV000046486/
1949del84,1,https://www.ncbi.nlm.nih.gov/clinvar/variation/53396
2043delG,0,https://www.ncbi.nlm.nih.gov/clinvar/RCV000029489/
2043delG,1,https://www.ncbi.nlm.nih.gov/clinvar/variation/35834/
2053insTA,1,https://www.ncbi.nlm.nih.gov/clinvar/RCV000007543/
2053insTA,0,https://www.ncbi.nlm.nih.gov/clinvar/RCV000007540/
2055del9->A,1,https://www.ncbi.nlm.nih.gov/clinvar/variation/38735
2055del9->A,0,https://www.ncbi.nlm.nih.gov/clinvar/RCV001004279.1
2075delA,0,https://www.ncbi.nlm.nih.gov/clinvar/RCV000029515/
2075delA,1,https://www.ncbi.nlm.nih.gov/clinvar/variation/634829
2105-2117del13insAGAAA,1,https://www.ncbi.nlm.nih.gov/clinvar/RCV001004280.1/
2105-2117del13insAGAAA,0,https://www.ncbi.nlm.nih.gov/clinvar/RCV000046511/
2118del4,1,https://www.ncbi.nlm.nih.gov/clinvar/variation/53421
2118del4,0,https://www.ncbi.nlm.nih.gov/clinvar/RCV000046210/
2143delT,1,https://www.ncbi.nlm.nih.gov/clinvar/variation/35836/
2143delT,0,https://www.ncbi.nlm.nih.gov/clinvar/RCV000029491/
2183AA->G,1,https://www.ncbi.nlm.nih.gov/clinvar/variation/35837
2183AA->G,0,https://www.ncbi.nlm.nih.gov/clinvar/RCV000029492/
2184delA,1,https://www.ncbi.nlm.nih.gov/clinvar/RCV000598782
2184delA,0,https://www.ncbi.nlm.nih.gov/clinvar/RCV000043563/
2184insA,0,https://www.ncbi.nlm.nih.gov/clinvar/RCV000029493/
2184insA,1,https://www.ncbi.nlm.nih.gov/clinvar/RCV000152995/
2185insC,1,https://www.ncbi.nlm.nih.gov/clinvar/RCV000029493/
2185insC,0,https://www.ncbi.nlm.nih.gov/clinvar/RCV001835856.1/
2307insA,1,https://www.ncbi.nlm.nih.gov/clinvar/RCV001004471.1/
2307insA,0,https://www.ncbi.nlm.nih.gov/clinvar/RCV000007605/
2347delG,1,https://www.ncbi.nlm.nih.gov/clinvar/variation/53455/
2347delG,0,https://www.ncbi.nlm.nih.gov/clinvar/RCV000056361/
2372del8,0,https://www.ncbi.nlm.nih.gov/clinvar/RCV000029515/
2372del8,1,https://www.ncbi.nlm.nih.gov/clinvar/RCV000056392/
2556insAT,1,https://www.ncbi.nlm.nih.gov/clinvar/variation/209046
2556insAT,0,https://www.ncbi.nlm.nih.gov/clinvar/RCV000190991/
2585delT,0,https://www.ncbi.nlm.nih.gov/clinvar/RCV000056364/
2585delT,1,https://www.ncbi.nlm.nih.gov/clinvar/RCV000007560/
2594delGT,0,https://www.ncbi.nlm.nih.gov/clinvar/RCV000551959/
2594delGT,1,https://www.ncbi.nlm.nih.gov/clinvar/RCV000007563/
2634insT,0,https://www.ncbi.nlm.nih.gov/clinvar/RCV001009446.2/
2634insT,1,https://www.ncbi.nlm.nih.gov/clinvar/variation/53503
2711delT,0,https://www.ncbi.nlm.nih.gov/clinvar/variation/53515
2711delT,1,https://www.ncbi.nlm.nih.gov/clinvar/RCV000007560/
2721del11,0,https://www.ncbi.nlm.nih.gov/clinvar/RCV000046747/
2721del11,1,https://www.ncbi.nlm.nih.gov/clinvar/RCV000007563/
2732insA,0,https://www.ncbi.nlm.nih.gov/clinvar/RCV000047272/
2732insA,1,https://www.ncbi.nlm.nih.gov/clinvar/RCV000046747/
2752-26A->G,0,https://www.ncbi.nlm.nih.gov/clinvar/RCV000672705/
2752-26A->G,1,https://www.ncbi.nlm.nih.gov/clinvar/RCV000587637/
2790-1G->C,0,https://www.ncbi.nlm.nih.gov/clinvar/RCV000190990.2/
2790-1G->C,1,https://www.ncbi.nlm.nih.gov/clinvar/RCV000672764/
2869insG,0,https://www.ncbi.nlm.nih.gov/clinvar/RCV000046670/
2869insG,1,https://www.ncbi.nlm.nih.gov/clinvar/RCV000007569/
2896insAG,0,https://www.ncbi.nlm.nih.gov/clinvar/RCV000029502/
2896insAG,1,https://www.ncbi.nlm.nih.gov/clinvar/variation/53563
2942insT,1,https://www.ncbi.nlm.nih.gov/clinvar/RCV000029505/
2942insT,0,https://www.ncbi.nlm.nih.gov/clinvar/RCV000029504/
2954delT,0,https://www.ncbi.nlm.nih.gov/clinvar/RCV000007560/
2954delT,1,https://www.ncbi.nlm.nih.gov/clinvar/RCV000046747/
2957delT,1,https://www.ncbi.nlm.nih.gov/clinvar/RCV000046747/
2957delT,0,https://www.ncbi.nlm.nih.gov/clinvar/RCV000029515/
297-1G->A,1,https://www.ncbi.nlm.nih.gov/clinvar/RCV000007562/
297-1G->A,0,https://www.ncbi.nlm.nih.gov/clinvar/RCV000280788
297-3C->T,1,https://www.ncbi.nlm.nih.gov/clinvar/RCV001004227.1/
297-3C->T,0,https://www.ncbi.nlm.nih.gov/clinvar/RCV000046385/
2991del32,1,https://www.ncbi.nlm.nih.gov/clinvar/RCV000007536/
2991del32,0,https://www.ncbi.nlm.nih.gov/clinvar/RCV000047138/
3007delG,1,https://www.ncbi.nlm.nih.gov/clinvar/RCV000781227/
3007delG,0,https://www.ncbi.nlm.nih.gov/clinvar/RCV000056373/
300delA,1,https://www.ncbi.nlm.nih.gov/clinvar/RCV001284130/
300delA,0,https://www.ncbi.nlm.nih.gov/clinvar/RCV000577088/
3028delA,1,https://www.ncbi.nlm.nih.gov/clinvar/RCV000007567/
3028delA,0,https://www.ncbi.nlm.nih.gov/clinvar/RCV000029515/
306delTAGA,1,https://www.ncbi.nlm.nih.gov/clinvar/RCV000047175/
306delTAGA,0,https://www.ncbi.nlm.nih.gov/clinvar/RCV000576840
306insA,1,https://www.ncbi.nlm.nih.gov/clinvar/24358228/
306insA,0,https://www.ncbi.nlm.nih.gov/clinvar/RCV000046458/
3120G->A,1,https://www.ncbi.nlm.nih.gov/clinvar/RCV000029512/
3120G->A,0,https://www.ncbi.nlm.nih.gov/clinvar/RCV001004284.1/
3121-1G->A,1,https://www.ncbi.nlm.nih.gov/clinvar/RCV000046741/
3121-1G->A,0,https://www.ncbi.nlm.nih.gov/clinvar/RCV000056376/
3121-2A->G,1,https://www.ncbi.nlm.nih.gov/clinvar/RCV001004286.1/
3121-2A->G,0,https://www.ncbi.nlm.nih.gov/clinvar/RCV000046741/
3130delA,0,https://www.ncbi.nlm.nih.gov/clinvar/RCV000577236
3130delA,1,https://www.ncbi.nlm.nih.gov/clinvar/RCV000046747/
3132delTG,0,https://www.ncbi.nlm.nih.gov/clinvar/RCV000046752
3132delTG,1,https://www.ncbi.nlm.nih.gov/clinvar/RCV000046752.5/
3143del9,0,https://www.ncbi.nlm.nih.gov/clinvar/RCV000029515/
3143del9,1,https://www.ncbi.nlm.nih.gov/clinvar/RCV000577359/
3171delC,0,https://www.ncbi.nlm.nih.gov/clinvar/RCV000029515/
3171delC,1,https://www.ncbi.nlm.nih.gov/clinvar/variation/53636/
3171insC,0,https://www.ncbi.nlm.nih.gov/clinvar/variation/53635/
3171insC,1,https://www.ncbi.nlm.nih.gov/clinvar/RCV000046747/
3199del6,0,https://www.ncbi.nlm.nih.gov/clinvar/RCV000046775/
3199del6,1,https://www.ncbi.nlm.nih.gov/clinvar/variation/38480/
3271delGG,0,https://www.ncbi.nlm.nih.gov/clinvar/RCV000029518/
3272-26A->G,1,https://www.ncbi.nlm.nih.gov/clinvar/RCV001004294
3272-26A->G,0,https://www.ncbi.nlm.nih.gov/clinvar/RCV000029519/
3349insT,1,https://www.ncbi.nlm.nih.gov/clinvar/RCV000046747/
3349insT,0,https://www.ncbi.nlm.nih.gov/clinvar/RCV000046210/
3497delC,0,https://www.ncbi.nlm.nih.gov/clinvar/RCV000046747/
3497delC,1,https://www.ncbi.nlm.nih.gov/clinvar/RCV000046210/
3500-2A->G,1,https://www.ncbi.nlm.nih.gov/clinvar/RCV000409745/
3500-2A->G,0,https://www.ncbi.nlm.nih.gov/clinvar/RCV000169111/
3600G->A,1,https://www.ncbi.nlm.nih.gov/clinvar/RCV000046899.6/
3600G->A,0,https://www.ncbi.nlm.nih.gov/clinvar/RCV000046899/
365-366insT,1,https://www.ncbi.nlm.nih.gov/clinvar/RCV000508526/
365-366insT,0,https://www.ncbi.nlm.nih.gov/clinvar/RCV000046577/
3659delC,1,https://www.ncbi.nlm.nih.gov/clinvar/RCV000007544/
3659delC,0,https://www.ncbi.nlm.nih.gov/clinvar/RCV000029523/
3667ins4,0,https://www.ncbi.nlm.nih.gov/clinvar/RCV000007643/
3667ins4,1,https://www.ncbi.nlm.nih.gov/clinvar/variation/7222
3732delA,0,https://www.ncbi.nlm.nih.gov/clinvar/RCV001731143/
3732delA,1,https://www.ncbi.nlm.nih.gov/clinvar/RCV000007567/
3737delA,0,https://www.ncbi.nlm.nih.gov/clinvar/RCV000577032
3737delA,1,https://www.ncbi.nlm.nih.gov/clinvar/variation/53604
3791delC,0,https://www.ncbi.nlm.nih.gov/clinvar/RCV000007544/
3791delC,1,https://www.ncbi.nlm.nih.gov/clinvar/RCV000029523/
3821delT,0,https://www.ncbi.nlm.nih.gov/clinvar/RCV000029526/
3821delT,1,https://www.ncbi.nlm.nih.gov/clinvar/RCV000029526.4/
3849G->A,0,https://www.ncbi.nlm.nih.gov/clinvar/RCV000780151.1/
3849G->A,1,https://www.ncbi.nlm.nih.gov/clinvar/RCV000007549/
3850-1G->A,1,https://www.ncbi.nlm.nih.gov/clinvar/RCV000056369/
3850-1G->A,0,https://www.ncbi.nlm.nih.gov/clinvar/RCV000007597/
3850-3T->G,1,https://www.ncbi.nlm.nih.gov/clinvar/RCV000007586/
3850-3T->G,0,https://www.ncbi.nlm.nih.gov/clinvar/RCV000046958/
3876delA,0,https://www.ncbi.nlm.nih.gov/clinvar/RCV000007653/
3876delA,1,https://www.ncbi.nlm.nih.gov/clinvar/RCV000191001/
3878delG,0,https://www.ncbi.nlm.nih.gov/clinvar/RCV000191001/
3878delG,1,https://www.ncbi.nlm.nih.gov/clinvar/RCV000007653/
3878delG,2,http://genome.ucsc.edu/cgi-bin/hgc?hgsid=874522749_fmV2Y8oM59HkENX0O88pTchMJRfC&c=chr7&l=117246781&r=117246832&o=117120078&t=117308719&g=ncbiRefSeqCurated&i=NM_000492.4
3905insT,1,https://www.ncbi.nlm.nih.gov/clinvar/RCV001004507/
3905insT,2,/search?q=NCBI&sa=X&ved=2ahUKEwjfk4KWp6r9AhWHIzQIHeWcD9MQ1QJ6BAg5EAE
3905insT,0,https://www.ncbi.nlm.nih.gov/clinvar/RCV000046980/
3940delG,0,https://www.ncbi.nlm.nih.gov/clinvar/RCV000046985/
3940delG,1,https://www.ncbi.nlm.nih.gov/clinvar/RCV000029515/
394delTT,0,https://www.ncbi.nlm.nih.gov/clinvar/RCV000007654/
4010del4,0,https://www.ncbi.nlm.nih.gov/clinvar/51064602/
4010del4,1,https://www.ncbi.nlm.nih.gov/clinvar/RCV000047138/
4015delA,0,https://www.ncbi.nlm.nih.gov/clinvar/RCV000047016/
4015delA,1,https://www.ncbi.nlm.nih.gov/clinvar/RCV000007567/
4016insT,0,https://www.ncbi.nlm.nih.gov/clinvar/RCV000047018/
4016insT,1,https://www.ncbi.nlm.nih.gov/clinvar/RCV000047018.6/
4022insT,0,https://www.ncbi.nlm.nih.gov/clinvar/RCV000577151/
4022insT,1,https://www.ncbi.nlm.nih.gov/clinvar/RCV000047018/
4040delA,1,https://www.ncbi.nlm.nih.gov/clinvar/RCV000047026.4/
4040delA,0,https://www.ncbi.nlm.nih.gov/clinvar/RCV000047026/
406-1G->A,1,https://www.ncbi.nlm.nih.gov/clinvar/variation/48680
406-1G->A,0,https://www.ncbi.nlm.nih.gov/clinvar/RCV000056370/
406-2A->G,1,https://www.ncbi.nlm.nih.gov/clinvar/RCV000411056/
406-2A->G,0,https://www.ncbi.nlm.nih.gov/clinvar/RCV000577517/
4168delCTAAGCC,1,https://www.ncbi.nlm.nih.gov/clinvar/RCV000706337/
4168delCTAAGCC,0,https://www.ncbi.nlm.nih.gov/clinvar/RCV000007567/
4209TGTT->AA,0,https://www.ncbi.nlm.nih.gov/clinvar/RCV001004515/
4218insT,0,https://www.ncbi.nlm.nih.gov/clinvar/RCV001829611.1/
4218insT,1,https://www.ncbi.nlm.nih.gov/clinvar/RCV000047069.4/
4259del5,0,https://www.ncbi.nlm.nih.gov/clinvar/RCV000576801.1/
4259del5,1,https://www.ncbi.nlm.nih.gov/clinvar/RCV000706337/
4279insA,0,https://www.ncbi.nlm.nih.gov/clinvar/RCV000007567/
4279insA,1,https://www.ncbi.nlm.nih.gov/clinvar/RCV000046747/
4326delTC,0,https://www.ncbi.nlm.nih.gov/clinvar/RCV000047100.5/
4326delTC,1,https://www.ncbi.nlm.nih.gov/clinvar/variation/487399/
4382delA,0,https://www.ncbi.nlm.nih.gov/clinvar/RCV000056391.5/
4382delA,1,https://www.ncbi.nlm.nih.gov/clinvar/RCV000673744
4428insGA,1,http://genome.ucsc.edu/cgi-bin/hgc?hgsid=874522749_fmV2Y8oM59HkENX0O88pTchMJRfC&c=chr7&l=117246781&r=117246832&o=117120078&t=117308719&g=ncbiRefSeqCurated&i=NM_000492.4
4428insGA,0,https://www.ncbi.nlm.nih.gov/clinvar/RCV001009393/
442delA,0,https://www.ncbi.nlm.nih.gov/clinvar/RCV000046784
442delA,1,https://www.ncbi.nlm.nih.gov/clinvar/RCV000056392/
444delA,0,https://www.ncbi.nlm.nih.gov/clinvar/RCV000046792/
444delA,1,https://www.ncbi.nlm.nih.gov/clinvar/RCV001004425
457TAT->G,1,https://www.ncbi.nlm.nih.gov/clinvar/RCV000757788
457TAT->G,0,https://www.ncbi.nlm.nih.gov/clinvar/RCV000056378/
541delC,1,https://www.ncbi.nlm.nih.gov/clinvar/variation/53891
541delC,0,https://www.ncbi.nlm.nih.gov/clinvar/RCV000047072/
556delA,1,https://www.ncbi.nlm.nih.gov/clinvar/RCV000007567/
556delA,0,https://www.ncbi.nlm.nih.gov/clinvar/RCV000007566/
557delT,0,https://www.ncbi.nlm.nih.gov/clinvar/RCV000007567/
557delT,1,https://www.ncbi.nlm.nih.gov/clinvar/RCV001831536.1/
574delA,1,https://www.ncbi.nlm.nih.gov/clinvar/RCV000727641.1/
574delA,0,https://www.ncbi.nlm.nih.gov/clinvar/RCV000056392/
5T,1,https://www.ncbi.nlm.nih.gov/clinvar/RCV000155619/
5T,0,https://www.ncbi.nlm.nih.gov/clinvar/RCV000173692/
5T;TG12,1,https://www.ncbi.nlm.nih.gov/pmc/articles/PMC6911126/
5T;TG12,0,https://www.ncbi.nlm.nih.gov/clinvar/variation/242535
5T;TG13,0,https://www.ncbi.nlm.nih.gov/clinvar/variation/242535
5T;TG13,1,https://www.ncbi.nlm.nih.gov/pmc/articles/PMC6305631/
602del14,1,https://www.ncbi.nlm.nih.gov/clinvar/RCV000007567/
602del14,0,https://www.ncbi.nlm.nih.gov/clinvar/RCV000576514.1/
663delT,0,https://www.ncbi.nlm.nih.gov/clinvar/RCV000056393/
663delT,1,https://www.ncbi.nlm.nih.gov/clinvar/RCV001004434.1
663insT,1,https://www.ncbi.nlm.nih.gov/clinvar/RCV000007560/
663insT,0,https://www.ncbi.nlm.nih.gov/clinvar/RCV000589412/
675del4,1,https://www.ncbi.nlm.nih.gov/clinvar/RCV000007560/
675del4,0,https://www.ncbi.nlm.nih.gov/clinvar/RCV000047188
712-1G->T,1,https://www.ncbi.nlm.nih.gov/clinvar/RCV001004440.1/
712-1G->T,0,https://www.ncbi.nlm.nih.gov/clinvar/RCV000056398/
712-2A->G,1,https://www.ncbi.nlm.nih.gov/clinvar/RCV000757810
712-2A->G,0,https://www.ncbi.nlm.nih.gov/clinvar/RCV001038806
849delG,0,https://www.ncbi.nlm.nih.gov/clinvar/RCV000576798/
849delG,1,https://www.ncbi.nlm.nih.gov/clinvar/variation/487385
852del22,0,https://www.ncbi.nlm.nih.gov/clinvar/RCV000007565/
852del22,1,https://www.ncbi.nlm.nih.gov/clinvar/RCV000007560/
876-2A->G,0,https://www.ncbi.nlm.nih.gov/clinvar/RCV000411056/
876-2A->G,1,https://www.ncbi.nlm.nih.gov/clinvar/RCV000029544/
892delA,0,https://www.ncbi.nlm.nih.gov/clinvar/RCV000029515/
892delA,1,https://www.ncbi.nlm.nih.gov/clinvar/RCV000046747/
935delA,1,https://www.ncbi.nlm.nih.gov/clinvar/RCV000056401/
935delA,0,https://www.ncbi.nlm.nih.gov/clinvar/variation/48700
977insA,1,https://www.ncbi.nlm.nih.gov/clinvar/variation/189095/
977insA,0,https://www.ncbi.nlm.nih.gov/clinvar/RCV000270269/
991del5,0,https://www.ncbi.nlm.nih.gov/clinvar/RCV000047272/
A1006E,1,https://www.ncbi.nlm.nih.gov/clinvar/variation/53627
A1006E,0,https://www.ncbi.nlm.nih.gov/clinvar/RCV000577175.3/
A120T,1,https://www.ncbi.nlm.nih.gov/clinvar/RCV000577110.3/
A120T,0,https://www.ncbi.nlm.nih.gov/clinvar/RCV000577110/
A349V,1,https://www.ncbi.nlm.nih.gov/clinvar/RCV000728852
A349V,0,https://www.ncbi.nlm.nih.gov/clinvar/RCV000007592/
A455E,1,https://www.ncbi.nlm.nih.gov/clinvar/RCV001004446.1/
A455E,0,https://www.ncbi.nlm.nih.gov/clinvar/RCV000007531/
A46D,1,https://www.ncbi.nlm.nih.gov/clinvar/RCV000757789/
A46D,0,https://www.ncbi.nlm.nih.gov/clinvar/RCV000046286/
A559T,1,https://www.ncbi.nlm.nih.gov/clinvar/RCV001004261.1/
A559T,0,https://www.ncbi.nlm.nih.gov/clinvar/RCV000007543/
A561E,0,https://www.ncbi.nlm.nih.gov/clinvar/RCV000007662/
A561E,1,https://www.ncbi.nlm.nih.gov/clinvar/RCV001004265
A613T,1,https://www.ncbi.nlm.nih.gov/clinvar/variation/53401
A613T,0,https://www.ncbi.nlm.nih.gov/clinvar/24358256/
C225X,0,https://www.ncbi.nlm.nih.gov/clinvar/RCV000007536/
C225X,1,https://www.ncbi.nlm.nih.gov/clinvar/RCV000046210/
C276X,1,https://www.ncbi.nlm.nih.gov/clinvar/RCV000781238/
C276X,0,https://www.ncbi.nlm.nih.gov/clinvar/RCV000047263.5/
C524X,0,https://www.ncbi.nlm.nih.gov/clinvar/RCV000007571/
C524X,1,https://www.ncbi.nlm.nih.gov/clinvar/RCV001831537.1/
CFTR50kbdel,0,https://www.ncbi.nlm.nih.gov/clinvar/RCV000191008.1/
CFTR50kbdel,1,https://www.ncbi.nlm.nih.gov/clinvar/RCV000056369/
CFTRdele1,0,https://www.ncbi.nlm.nih.gov/clinvar/RCV000191005.1/
CFTRdele1,1,https://www.ncbi.nlm.nih.gov/clinvar/variation/209060
CFTRdele10,1,https://www.ncbi.nlm.nih.gov/clinvar/RCV001009443.1/
CFTRdele10,0,https://www.ncbi.nlm.nih.gov/clinvar/RCV000056347/
CFTRdele11,1,https://www.ncbi.nlm.nih.gov/clinvar/RCV000576560.1/
CFTRdele11,0,https://www.ncbi.nlm.nih.gov/clinvar/RCV000191009/
"CFTRdele13,14a",0,https://www.ncbi.nlm.nih.gov/clinvar/RCV000007588/
"CFTRdele13,14a",1,https://www.ncbi.nlm.nih.gov/clinvar/RCV000046463/
CFTRdele14b-17b,1,https://www.ncbi.nlm.nih.gov/clinvar/RCV000577195
CFTRdele14b-17b,0,https://www.ncbi.nlm.nih.gov/clinvar/RCV000577222/
CFTRdele16-17b,1,https://www.ncbi.nlm.nih.gov/clinvar/RCV000665653/
CFTRdele16-17b,0,https://www.ncbi.nlm.nih.gov/clinvar/RCV000191000
"CFTRdele17a,17b",0,https://www.ncbi.nlm.nih.gov/clinvar/RCV000190997/
"CFTRdele17a,17b",1,https://www.ncbi.nlm.nih.gov/clinvar/RCV000007645/
CFTRdele17a-18,1,https://www.ncbi.nlm.nih.gov/clinvar/RCV000007645/
CFTRdele17a-18,0,https://www.ncbi.nlm.nih.gov/clinvar/RCV000190993.1/
CFTRdele17b,0,https://www.ncbi.nlm.nih.gov/clinvar/RCV000029518/
CFTRdele17b,1,https://www.ncbi.nlm.nih.gov/clinvar/RCV001467469.1/
CFTRdele18,1,https://www.ncbi.nlm.nih.gov/clinvar/RCV000169111/
CFTRdele18,0,https://www.ncbi.nlm.nih.gov/clinvar/RCV000190993.1/
CFTRdele19,1,https://www.ncbi.nlm.nih.gov/clinvar/RCV000029529/
CFTRdele19,0,https://www.ncbi.nlm.nih.gov/clinvar/RCV000190993.1/
CFTRdele19-21,0,https://www.ncbi.nlm.nih.gov/clinvar/RCV000190995.1/
CFTRdele19-21,1,https://www.ncbi.nlm.nih.gov/clinvar/RCV000149421/
CFTRdele2,0,https://www.ncbi.nlm.nih.gov/clinvar/RCV000190994/
CFTRdele2,1,https://www.ncbi.nlm.nih.gov/clinvar/RCV000047179/
"CFTRdele2,3",0,https://www.ncbi.nlm.nih.gov/clinvar/RCV000056395/
"CFTRdele2,3",1,https://www.ncbi.nlm.nih.gov/clinvar/variation/66105
CFTRdele2-4,0,https://www.ncbi.nlm.nih.gov/clinvar/RCV000043565/
CFTRdele2-4,1,https://www.ncbi.nlm.nih.gov/clinvar/RCV001004433.1/
CFTRdele21,0,https://www.ncbi.nlm.nih.gov/clinvar/RCV000576610/
CFTRdele21,1,https://www.ncbi.nlm.nih.gov/clinvar/RCV000007572/
"CFTRdele22,23",1,https://www.ncbi.nlm.nih.gov/CBBresearch/Lu/Demo/LitVar/#!?query=rs397508328
"CFTRdele22,23",0,https://www.ncbi.nlm.nih.gov/CBBresearch/Lu/Demo/LitVar/#!?query=rs121908776
CFTRdele22-24,0,https://www.ncbi.nlm.nih.gov/clinvar/RCV000190995.1/
CFTRdele22-24,1,https://www.ncbi.nlm.nih.gov/clinvar/RCV000149421/
"CFTRdele3-10,14b-16",1,https://www.ncbi.nlm.nih.gov/clinvar/RCV000576560.1/
"CFTRdele3-10,14b-16",0,https://www.ncbi.nlm.nih.gov/clinvar/RCV000576740.1/
CFTRdele4-10,1,https://www.ncbi.nlm.nih.gov/clinvar/RCV000576560.1/
CFTRdele4-10,0,https://www.ncbi.nlm.nih.gov/clinvar/RCV000056369/
CFTRdele4-11,0,https://www.ncbi.nlm.nih.gov/clinvar/RCV000056369/
CFTRdele4-11,1,https://www.ncbi.nlm.nih.gov/clinvar/RCV000046411/
CFTRdele4-7,1,https://www.ncbi.nlm.nih.gov/clinvar/RCV000056369/
CFTRdele4-7,0,https://www.ncbi.nlm.nih.gov/clinvar/RCV000191008.1/
CFTRdelePr-1,0,https://www.ncbi.nlm.nih.gov/clinvar/RCV000191005.1/
CFTRdelePr-1,1,https://www.ncbi.nlm.nih.gov/clinvar/RCV000029491/
CFTRdup6b-10,0,https://www.ncbi.nlm.nih.gov/clinvar/RCV000190998/
CFTRdup6b-10,1,https://www.ncbi.nlm.nih.gov/clinvar/RCV000047247/
D110E,0,https://www.ncbi.nlm.nih.gov/clinvar/RCV000577359/
D110E,1,https://www.ncbi.nlm.nih.gov/clinvar/RCV001009539
D110H,0,https://www.ncbi.nlm.nih.gov/clinvar/RCV000007527/
D110H,1,https://www.ncbi.nlm.nih.gov/clinvar/RCV000007527.8/
D1152H,0,https://www.ncbi.nlm.nih.gov/clinvar/RCV000046895/
D1152H,1,https://www.ncbi.nlm.nih.gov/clinvar/RCV001004498
D1270N,0,https://www.ncbi.nlm.nih.gov/clinvar/RCV000046985/
D192G,0,https://www.ncbi.nlm.nih.gov/clinvar/RCV000577568
D192G,1,https://www.ncbi.nlm.nih.gov/clinvar/RCV001257125/
D443Y,0,https://www.ncbi.nlm.nih.gov/clinvar/RCV000046274/
D443Y,1,https://www.ncbi.nlm.nih.gov/clinvar/68104465/
D513G,0,https://www.ncbi.nlm.nih.gov/clinvar/RCV000577027/
D513G,1,https://www.ncbi.nlm.nih.gov/clinvar/RCV000046336
D579G,1,https://www.ncbi.nlm.nih.gov/clinvar/RCV000577633.1/
D579G,0,https://www.ncbi.nlm.nih.gov/clinvar/RCV000577633
D614G,0,https://www.ncbi.nlm.nih.gov/clinvar/RCV000577786.3/
D614G,1,https://www.ncbi.nlm.nih.gov/clinvar/RCV001004275.1/
D924N,1,https://www.ncbi.nlm.nih.gov/clinvar/RCV000046686/
D924N,0,https://www.ncbi.nlm.nih.gov/clinvar/RCV001255211.1/
D979V,1,https://www.ncbi.nlm.nih.gov/clinvar/RCV000577756/
D979V,2,/search?q=How+to+diagnose+cystic+fibrosis+ncbi%3F&sa=X&ved=2ahUKEwjT4eWov6r9AhVKPn0KHQbKDwsQzmd6BAgjEAU
D979V,0,https://www.ncbi.nlm.nih.gov/clinvar/RCV000577309/
E1104X,1,https://www.ncbi.nlm.nih.gov/clinvar/RCV001831774
E1104X,0,https://www.ncbi.nlm.nih.gov/clinvar/RCV000056381
E116K,0,https://www.ncbi.nlm.nih.gov/clinvar/RCV000577691/
E116K,1,https://www.ncbi.nlm.nih.gov/clinvar/RCV000755922
E1371X,0,https://www.ncbi.nlm.nih.gov/clinvar/RCV000047076.8/
E1371X,1,https://www.ncbi.nlm.nih.gov/clinvar/variation/53891
E193K,0,https://www.ncbi.nlm.nih.gov/clinvar/RCV000047198
E193K,1,https://www.ncbi.nlm.nih.gov/clinvar/RCV000007563/
E193X,0,https://www.ncbi.nlm.nih.gov/clinvar/variation/54007
E379X,0,https://www.ncbi.nlm.nih.gov/clinvar/RCV000056355/
E379X,1,https://www.ncbi.nlm.nih.gov/clinvar/RCV000043565/
E474K,0,https://www.ncbi.nlm.nih.gov/clinvar/RCV000785640
E474K,1,https://www.ncbi.nlm.nih.gov/clinvar/variation/634836
E56K,1,https://www.ncbi.nlm.nih.gov/clinvar/RCV000660826
E56K,0,https://www.ncbi.nlm.nih.gov/clinvar/RCV000046399/
E585X,0,https://www.ncbi.nlm.nih.gov/clinvar/RCV000056353/
E585X,1,https://www.ncbi.nlm.nih.gov/clinvar/RCV000781242.1/
E588V,1,https://www.ncbi.nlm.nih.gov/clinvar/variation/53375/
E588V,0,https://www.ncbi.nlm.nih.gov/clinvar/RCV000577259/
E60K,0,https://www.ncbi.nlm.nih.gov/clinvar/RCV000577024
E60K,1,https://www.ncbi.nlm.nih.gov/clinvar/RCV000056355/
E60X,0,https://www.ncbi.nlm.nih.gov/clinvar/RCV000056355/
E60X,1,https://www.ncbi.nlm.nih.gov/clinvar/RCV000763147.1/
E656X,1,https://www.ncbi.nlm.nih.gov/clinvar/RCV000474081/
E656X,0,https://www.ncbi.nlm.nih.gov/clinvar/RCV000577648
E664X,1,https://www.ncbi.nlm.nih.gov/clinvar/variation/53422
E664X,0,https://www.ncbi.nlm.nih.gov/clinvar/RCV000046516/
E822X,0,https://www.ncbi.nlm.nih.gov/clinvar/RCV000056365/
E822X,1,https://www.ncbi.nlm.nih.gov/clinvar/RCV001004478.1/
E831X,0,https://www.ncbi.nlm.nih.gov/clinvar/RCV000056366/
E831X,1,https://www.ncbi.nlm.nih.gov/clinvar/RCV000056366.7
E92K,0,https://www.ncbi.nlm.nih.gov/clinvar/RCV000007601/
E92X,0,https://www.ncbi.nlm.nih.gov/clinvar/RCV000007606/
E92X,1,https://www.ncbi.nlm.nih.gov/clinvar/RCV000007606.9/
F1016S,0,https://www.ncbi.nlm.nih.gov/clinvar/RCV000577048.1/
F1016S,1,https://www.ncbi.nlm.nih.gov/clinvar/RCV001004288.1/
F1052V,0,https://www.ncbi.nlm.nih.gov/clinvar/RCV000046799/
F1052V,1,https://www.ncbi.nlm.nih.gov/clinvar/RCV001004295.1/
F1074L,0,https://www.ncbi.nlm.nih.gov/clinvar/RCV000046829.5/
F1074L,1,https://www.ncbi.nlm.nih.gov/clinvar/RCV000029515/
F1099L,1,https://www.ncbi.nlm.nih.gov/clinvar/RCV000586297/
F1099L,0,https://www.ncbi.nlm.nih.gov/clinvar/RCV001004492/
F191V,0,https://www.ncbi.nlm.nih.gov/clinvar/RCV000587145/
F311L,1,https://www.ncbi.nlm.nih.gov/clinvar/RCV000056347.7/
F311L,0,https://www.ncbi.nlm.nih.gov/clinvar/RCV000007573/
F312del,0,https://www.ncbi.nlm.nih.gov/clinvar/RCV000047290/
F312del,1,https://www.ncbi.nlm.nih.gov/clinvar/42817867
F508C;S1251N,0,https://pubmed.ncbi.nlm.nih.gov/35690578/
F508del,0,https://www.ncbi.nlm.nih.gov/clinvar/RCV000007523/
F508del,1,https://www.ncbi.nlm.nih.gov/clinvar/variation/7105/
F575Y,0,https://www.ncbi.nlm.nih.gov/clinvar/RCV000803536
F575Y,1,https://www.ncbi.nlm.nih.gov/clinvar/RCV000759033/
G1061R,0,https://www.ncbi.nlm.nih.gov/clinvar/RCV000046807/
G1069R,0,https://www.ncbi.nlm.nih.gov/clinvar/RCV000046823/
G1069R,1,https://www.ncbi.nlm.nih.gov/clinvar/RCV001019210/
G1244E,0,https://www.ncbi.nlm.nih.gov/clinvar/RCV000056386/
G1244E,1,https://www.ncbi.nlm.nih.gov/clinvar/RCV000056386.7/
G1249R,0,https://www.ncbi.nlm.nih.gov/clinvar/RCV000757851
G1249R,1,https://www.ncbi.nlm.nih.gov/clinvar/RCV000577065.3/
G126D,0,https://www.ncbi.nlm.nih.gov/clinvar/RCV001004429
G126D,1,https://www.ncbi.nlm.nih.gov/clinvar/RCV000577044/
G1349D,0,https://www.ncbi.nlm.nih.gov/clinvar/RCV000029536/
G178R,1,https://www.ncbi.nlm.nih.gov/clinvar/RCV000211246.1/
G178R,0,https://www.ncbi.nlm.nih.gov/clinvar/RCV000056394/
G194R,0,https://www.ncbi.nlm.nih.gov/clinvar/RCV000056398/
G194R,1,https://www.ncbi.nlm.nih.gov/clinvar/RCV000007540/
G194V,0,https://www.ncbi.nlm.nih.gov/clinvar/RCV000729929.5/
G194V,1,https://www.ncbi.nlm.nih.gov/clinvar/RCV001009497.1/
G194X,1,https://www.ncbi.nlm.nih.gov/clinvar/RCV000474081/
G194X,0,https://www.ncbi.nlm.nih.gov/clinvar/RCV000056398/
G27R,0,https://www.ncbi.nlm.nih.gov/clinvar/RCV000577762/
G27R,1,https://www.ncbi.nlm.nih.gov/clinvar/RCV000047257/
G27X,0,https://www.ncbi.nlm.nih.gov/clinvar/RCV000047257/
G27X,1,https://www.ncbi.nlm.nih.gov/clinvar/RCV000047257.6/
G314E,1,https://www.ncbi.nlm.nih.gov/clinvar/RCV001004243/
G314E,0,https://www.ncbi.nlm.nih.gov/clinvar/RCV000577297
G330X,0,https://www.ncbi.nlm.nih.gov/clinvar/RCV001004245
G330X,1,https://www.ncbi.nlm.nih.gov/clinvar/RCV000760400
G542X,0,https://www.ncbi.nlm.nih.gov/clinvar/RCV000007535/
G542X,1,https://www.ncbi.nlm.nih.gov/clinvar/RCV000763572.1/
G550X,1,https://www.ncbi.nlm.nih.gov/clinvar/RCV000046380.4/
G550X,0,https://www.ncbi.nlm.nih.gov/clinvar/RCV000046380/
G551D,1,https://www.ncbi.nlm.nih.gov/clinvar/RCV000301838/
G551D,0,https://www.ncbi.nlm.nih.gov/clinvar/RCV000007540/
G551S,0,https://www.ncbi.nlm.nih.gov/clinvar/RCV000007562/
G551S,1,https://www.ncbi.nlm.nih.gov/clinvar/RCV000224595/
G622D,0,https://www.ncbi.nlm.nih.gov/clinvar/RCV000046498/
G622D,1,https://www.ncbi.nlm.nih.gov/clinvar/RCV000763577/
G628R,1,https://www.ncbi.nlm.nih.gov/clinvar/variation/53408
G628R,0,https://www.ncbi.nlm.nih.gov/clinvar/RCV000577750.4
G673X,1,https://www.ncbi.nlm.nih.gov/clinvar/RCV000056355/
G673X,0,https://www.ncbi.nlm.nih.gov/clinvar/RCV000007542/
G745X,0,https://www.ncbi.nlm.nih.gov/clinvar/RCV001009459.2/
G745X,1,https://www.ncbi.nlm.nih.gov/clinvar/RCV000056355/
G85E,0,https://www.ncbi.nlm.nih.gov/clinvar/RCV000007563/
G85E,1,https://www.ncbi.nlm.nih.gov/clinvar/RCV000007563.11/
G91R,1,https://www.ncbi.nlm.nih.gov/clinvar/variation/7183
G91R,0,https://www.ncbi.nlm.nih.gov/clinvar/RCV000007603
G970D,1,https://www.ncbi.nlm.nih.gov/clinvar/RCV001004490.1/
G970D,0,https://www.ncbi.nlm.nih.gov/clinvar/RCV000046718/
G970R,1,https://www.ncbi.nlm.nih.gov/clinvar/RCV000046718/
G970R,0,https://www.ncbi.nlm.nih.gov/clinvar/RCV000056374
H1054D,0,https://www.ncbi.nlm.nih.gov/clinvar/RCV000046801/
H1375P,1,https://www.ncbi.nlm.nih.gov/clinvar/RCV000029515/
H1375P,0,https://www.ncbi.nlm.nih.gov/clinvar/RCV000047080
H139R,0,https://www.ncbi.nlm.nih.gov/clinvar/RCV000625939
H139R,1,https://www.ncbi.nlm.nih.gov/clinvar/RCV000047095/
H199Y,0,https://www.ncbi.nlm.nih.gov/clinvar/RCV000056399/
H199Y,1,https://www.ncbi.nlm.nih.gov/clinvar/RCV000755925.1/
H609R,0,https://www.ncbi.nlm.nih.gov/clinvar/RCV000577469/
I1234V,0,https://www.ncbi.nlm.nih.gov/clinvar/RCV000007636/
I1234V,1,https://www.ncbi.nlm.nih.gov/clinvar/RCV001269696/
I1269N,1,https://www.ncbi.nlm.nih.gov/clinvar/RCV000046985/
I1269N,0,https://www.ncbi.nlm.nih.gov/clinvar/RCV000785635
I1366N,0,https://www.ncbi.nlm.nih.gov/clinvar/RCV000630457/
I336K,1,https://www.ncbi.nlm.nih.gov/clinvar/RCV000056337.8/
I336K,0,https://www.ncbi.nlm.nih.gov/clinvar/RCV000056337/
I502T,1,https://www.ncbi.nlm.nih.gov/clinvar/variation/53272/
I502T,0,https://www.ncbi.nlm.nih.gov/clinvar/RCV000577239/
I507del,1,https://www.ncbi.nlm.nih.gov/clinvar/RCV000007525.17/
I507del,0,https://www.ncbi.nlm.nih.gov/clinvar/RCV000007525/
I601F,1,https://www.ncbi.nlm.nih.gov/clinvar/variation/53391
I601F,0,https://www.ncbi.nlm.nih.gov/clinvar/RCV000577043/
I618T,0,https://www.ncbi.nlm.nih.gov/clinvar/RCV000046494/
I618T,1,https://www.ncbi.nlm.nih.gov/clinvar/RCV001004276.2/
K68X,0,https://www.ncbi.nlm.nih.gov/clinvar/RCV000577254/
K68X,1,https://www.ncbi.nlm.nih.gov/clinvar/RCV000474081/
K710X,1,https://www.ncbi.nlm.nih.gov/clinvar/RCV001826446.1/
K710X,0,https://www.ncbi.nlm.nih.gov/clinvar/RCV000007624/
L102R,1,https://www.ncbi.nlm.nih.gov/clinvar/RCV000577371/
L102R,0,https://www.ncbi.nlm.nih.gov/clinvar/RCV000669903/
L1065P,1,https://www.ncbi.nlm.nih.gov/clinvar/RCV000577502/
L1065P,0,https://www.ncbi.nlm.nih.gov/clinvar/RCV001004297.1/
L1077P,0,https://www.ncbi.nlm.nih.gov/clinvar/RCV000056377/
L1077P,1,https://www.ncbi.nlm.nih.gov/clinvar/RCV001004303.1/
L1254X,0,https://www.ncbi.nlm.nih.gov/clinvar/RCV000046973.4/
L1254X,1,https://www.ncbi.nlm.nih.gov/clinvar/variation/53805
L1324P,1,https://www.ncbi.nlm.nih.gov/clinvar/RCV000047048/
L1324P,0,https://www.ncbi.nlm.nih.gov/clinvar/RCV000576921.2/
L1335P,1,https://www.ncbi.nlm.nih.gov/clinvar/variation/53872
L1335P,0,https://www.ncbi.nlm.nih.gov/clinvar/RCV000047055/
L138ins,0,https://www.ncbi.nlm.nih.gov/clinvar/RCV000577362
L138ins,1,https://www.ncbi.nlm.nih.gov/clinvar/RCV000577362.5/
L1480P,0,https://www.ncbi.nlm.nih.gov/clinvar/RCV000047138/
L1480P,1,https://www.ncbi.nlm.nih.gov/clinvar/RCV000029515/
L15P,0,https://www.ncbi.nlm.nih.gov/clinvar/RCV000785636/
L15P,1,https://www.ncbi.nlm.nih.gov/clinvar/RCV001000710/
L165S,0,https://www.ncbi.nlm.nih.gov/clinvar/RCV000029515/
L165S,1,https://www.ncbi.nlm.nih.gov/clinvar/RCV000007560/
L206W,0,https://www.ncbi.nlm.nih.gov/clinvar/RCV000007611/
L206W,1,https://www.ncbi.nlm.nih.gov/clinvar/RCV001009388.1/
L218X,0,https://www.ncbi.nlm.nih.gov/clinvar/RCV000047229/
L218X,1,https://www.ncbi.nlm.nih.gov/clinvar/variation/54035
L227R,1,https://www.ncbi.nlm.nih.gov/clinvar/variation/54040
L227R,0,https://www.ncbi.nlm.nih.gov/clinvar/RCV000047234/
L346P,0,https://www.ncbi.nlm.nih.gov/clinvar/RCV000576945/
L346P,1,https://www.ncbi.nlm.nih.gov/clinvar/variation/53171/
L453S,1,https://www.ncbi.nlm.nih.gov/clinvar/RCV000029515/
L453S,0,https://www.ncbi.nlm.nih.gov/clinvar/RCV000785638
L467P,0,https://www.ncbi.nlm.nih.gov/clinvar/RCV000029476/
L467P,1,https://www.ncbi.nlm.nih.gov/clinvar/variation/35823/
L558S,0,https://www.ncbi.nlm.nih.gov/clinvar/RCV000029483.5/
L558S,1,https://www.ncbi.nlm.nih.gov/clinvar/variation/35829/
L732X,1,https://www.ncbi.nlm.nih.gov/clinvar/RCV000056360.5/
L732X,0,https://www.ncbi.nlm.nih.gov/clinvar/RCV000056360.7/
L88X,1,https://www.ncbi.nlm.nih.gov/clinvar/RCV000046644/
L88X,0,https://www.ncbi.nlm.nih.gov/clinvar/RCV000576641/
L927P,1,https://www.ncbi.nlm.nih.gov/clinvar/variation/53568
L927P,0,https://www.ncbi.nlm.nih.gov/clinvar/RCV000056371/
L967S,0,https://www.ncbi.nlm.nih.gov/clinvar/RCV000206091/
L967S,1,https://www.ncbi.nlm.nih.gov/clinvar/RCV000206091.13/
M1101K,0,https://www.ncbi.nlm.nih.gov/clinvar/RCV000032712/
M1101K,1,https://www.ncbi.nlm.nih.gov/clinvar/RCV000781258.2/
M1101R,1,https://www.ncbi.nlm.nih.gov/clinvar/RCV000508206.1/
M1101R,0,https://www.ncbi.nlm.nih.gov/clinvar/RCV000032712/
M1V,1,https://www.ncbi.nlm.nih.gov/clinvar/RCV000056356.7/
M1V,0,https://www.ncbi.nlm.nih.gov/clinvar/RCV000056356/
M265R,0,https://www.ncbi.nlm.nih.gov/clinvar/RCV000047254/
M265R,1,https://www.ncbi.nlm.nih.gov/clinvar/variation/54058
M952T,1,https://www.ncbi.nlm.nih.gov/clinvar/RCV000046702.13/
M952T,0,https://www.ncbi.nlm.nih.gov/clinvar/RCV000046702/
N1303K,0,https://www.ncbi.nlm.nih.gov/clinvar/RCV000007556/
N1303K,1,https://www.ncbi.nlm.nih.gov/clinvar/RCV002255995.1/
P205S,1,https://www.ncbi.nlm.nih.gov/clinvar/RCV001004442/
P205S,0,https://www.ncbi.nlm.nih.gov/clinvar/RCV000056400/
P574H,1,https://www.ncbi.nlm.nih.gov/clinvar/RCV000007539
P574H,0,https://www.ncbi.nlm.nih.gov/clinvar/RCV001004269/
P5L,1,https://www.ncbi.nlm.nih.gov/clinvar/RCV001004225
P5L,0,https://www.ncbi.nlm.nih.gov/clinvar/RCV000029477/
P67L,0,https://www.ncbi.nlm.nih.gov/clinvar/RCV000056357/
P67L,1,https://www.ncbi.nlm.nih.gov/clinvar/RCV001004231
P750L,1,https://www.ncbi.nlm.nih.gov/clinvar/RCV000675059.3/
P750L,0,https://www.ncbi.nlm.nih.gov/clinvar/RCV000675059
P99L,1,https://www.ncbi.nlm.nih.gov/clinvar/RCV001009535
P99L,0,https://www.ncbi.nlm.nih.gov/clinvar/RCV000577122/
Q1035X,1,https://www.ncbi.nlm.nih.gov/clinvar/RCV000577169
Q1035X,0,https://www.ncbi.nlm.nih.gov/clinvar/RCV000046781/
Q1042X,1,https://www.ncbi.nlm.nih.gov/clinvar/variation/53654
Q1042X,0,https://www.ncbi.nlm.nih.gov/clinvar/RCV000576454
Q1291H,0,https://www.ncbi.nlm.nih.gov/clinvar/RCV000007572/
Q1291H,1,https://www.ncbi.nlm.nih.gov/clinvar/variation/7152
Q1291R,0,https://www.ncbi.nlm.nih.gov/clinvar/RCV000664625.1/
Q1291R,1,https://www.ncbi.nlm.nih.gov/clinvar/variation/53827
Q1313X,0,https://www.ncbi.nlm.nih.gov/clinvar/variation/7180
Q1313X,1,https://www.ncbi.nlm.nih.gov/clinvar/variation/53841
Q1330X,0,https://www.ncbi.nlm.nih.gov/clinvar/RCV000029515/
Q1330X,1,https://www.ncbi.nlm.nih.gov/clinvar/RCV000577169
Q1382X,0,https://www.ncbi.nlm.nih.gov/clinvar/RCV000047087/
Q1382X,1,https://www.ncbi.nlm.nih.gov/clinvar/RCV000047111/
Q1411X,0,https://www.ncbi.nlm.nih.gov/clinvar/RCV000047110/
Q1411X,1,https://www.ncbi.nlm.nih.gov/clinvar/variation/53925
Q1412X,1,https://www.ncbi.nlm.nih.gov/clinvar/RCV000047111.5/
Q1412X,0,https://www.ncbi.nlm.nih.gov/clinvar/RCV000047111/
Q1476X,0,https://www.ncbi.nlm.nih.gov/clinvar/RCV000047135/
Q1476X,1,https://www.ncbi.nlm.nih.gov/clinvar/RCV000505964
Q220X,1,https://www.ncbi.nlm.nih.gov/clinvar/variation/54036
Q220X,0,https://www.ncbi.nlm.nih.gov/clinvar/RCV000056401/
Q237E,0,https://www.ncbi.nlm.nih.gov/clinvar/RCV001193074.1/
Q237E,1,https://www.ncbi.nlm.nih.gov/clinvar/variation/54042/
Q290X,1,https://www.ncbi.nlm.nih.gov/clinvar/RCV000007625/
Q290X,0,https://www.ncbi.nlm.nih.gov/clinvar/24358895/
Q2X,0,https://www.ncbi.nlm.nih.gov/clinvar/RCV000576848/
Q2X,1,https://www.ncbi.nlm.nih.gov/clinvar/RCV000007542/
Q2X;R3W,0,https://www.ncbi.nlm.nih.gov/clinvar/RCV000576848/
Q2X;R3W,1,https://www.ncbi.nlm.nih.gov/clinvar/RCV000007559/
Q30X,0,https://www.ncbi.nlm.nih.gov/clinvar/variation/54081
Q30X,1,https://www.ncbi.nlm.nih.gov/clinvar/RCV000047235/?cmd=ClearHT&
Q353X,1,https://www.ncbi.nlm.nih.gov/clinvar/variation/53175
Q353X,0,https://www.ncbi.nlm.nih.gov/clinvar/RCV000007542/
Q359R,0,https://www.ncbi.nlm.nih.gov/clinvar/variation/53181
Q359R,1,https://www.ncbi.nlm.nih.gov/clinvar/RCV000043565/
Q39X,1,https://www.ncbi.nlm.nih.gov/clinvar/RCV000781224
Q39X,0,https://www.ncbi.nlm.nih.gov/clinvar/RCV000056342/
Q414X,1,https://www.ncbi.nlm.nih.gov/clinvar/RCV001831724.2/
Q414X,0,https://www.ncbi.nlm.nih.gov/clinvar/RCV000046266.7/
Q493X,0,https://www.ncbi.nlm.nih.gov/clinvar/RCV000007526/
Q493X,1,https://www.ncbi.nlm.nih.gov/clinvar/RCV001004456
Q525X,1,https://www.ncbi.nlm.nih.gov/clinvar/RCV000029475/
Q525X,0,https://www.ncbi.nlm.nih.gov/clinvar/RCV000046342
Q552X,1,https://www.ncbi.nlm.nih.gov/clinvar/RCV000007542/
Q552X,0,https://www.ncbi.nlm.nih.gov/clinvar/RCV000007622/
Q685X,0,https://www.ncbi.nlm.nih.gov/clinvar/RCV000046532.4/
Q715X,1,https://www.ncbi.nlm.nih.gov/clinvar/RCV000046342
Q715X,0,https://www.ncbi.nlm.nih.gov/clinvar/RCV000576466
Q720X,1,https://www.ncbi.nlm.nih.gov/clinvar/RCV000007560/
Q720X,0,https://www.ncbi.nlm.nih.gov/clinvar/RCV000474081/
Q890X,1,https://www.ncbi.nlm.nih.gov/clinvar/RCV000505859
Q890X,0,https://www.ncbi.nlm.nih.gov/clinvar/RCV000007625/
Q98R,0,https://www.ncbi.nlm.nih.gov/clinvar/RCV001004424.1/
Q98R,1,https://www.ncbi.nlm.nih.gov/clinvar/RCV000505966/
Q98X,1,https://www.ncbi.nlm.nih.gov/clinvar/RCV000781254
Q98X,0,https://www.ncbi.nlm.nih.gov/clinvar/RCV000056375/
R1066C,1,https://www.ncbi.nlm.nih.gov/clinvar/RCV000007582.11/
R1066C,0,https://www.ncbi.nlm.nih.gov/clinvar/RCV000007582/
R1066H,1,https://www.ncbi.nlm.nih.gov/clinvar/103732691
R1066H,0,https://www.ncbi.nlm.nih.gov/clinvar/RCV000007578.12/
R1070Q,0,https://www.ncbi.nlm.nih.gov/clinvar/RCV000046825/
R1070W,0,https://www.ncbi.nlm.nih.gov/clinvar/RCV000757802
R1102X,1,https://www.ncbi.nlm.nih.gov/clinvar/variation/53713/
R1102X,0,https://www.ncbi.nlm.nih.gov/clinvar/RCV000056382/
R1128X,1,https://www.ncbi.nlm.nih.gov/clinvar/RCV000301584.1/
R1128X,0,https://www.ncbi.nlm.nih.gov/clinvar/RCV000029515/
R1158X,0,https://www.ncbi.nlm.nih.gov/clinvar/RCV000007564/
R1158X,1,https://www.ncbi.nlm.nih.gov/clinvar/RCV000763158
R1162X,1,https://www.ncbi.nlm.nih.gov/clinvar/RCV001004500
R1162X,0,https://www.ncbi.nlm.nih.gov/clinvar/RCV000007557/
R117C,0,https://www.ncbi.nlm.nih.gov/clinvar/RCV000056382/
R117C,1,https://www.ncbi.nlm.nih.gov/clinvar/RCV001009394.2/
R117G,0,https://www.ncbi.nlm.nih.gov/clinvar/RCV000670642/
R117G,1,https://www.ncbi.nlm.nih.gov/clinvar/RCV000506019/
R117H,0,https://www.ncbi.nlm.nih.gov/clinvar/RCV000007528/
R117H,1,https://www.ncbi.nlm.nih.gov/clinvar/variation/7109
R117H;5T,0,https://www.ncbi.nlm.nih.gov/clinvar/RCV000007528/
R117H;5T,1,https://www.ncbi.nlm.nih.gov/clinvar/RCV000190992.1/
R117H;7T,1,https://www.ncbi.nlm.nih.gov/clinvar/variation/7109
R117H;7T,0,https://www.ncbi.nlm.nih.gov/clinvar/RCV000007528/
R117L,1,https://www.ncbi.nlm.nih.gov/clinvar/variation/53765
R117L,0,https://www.ncbi.nlm.nih.gov/clinvar/RCV000577295
R117P,1,https://www.ncbi.nlm.nih.gov/clinvar/RCV000577567/
R117P,0,https://www.ncbi.nlm.nih.gov/clinvar/RCV000007528/
R1283M,0,https://www.ncbi.nlm.nih.gov/clinvar/RCV000007587/
R258G,0,https://www.ncbi.nlm.nih.gov/clinvar/RCV000047251/
R258G,1,http://genome.ucsc.edu/cgi-bin/hgc?hgsid=874522749_fmV2Y8oM59HkENX0O88pTchMJRfC&c=chr7&l=117246781&r=117246832&o=117120078&t=117308719&g=ncbiRefSeqCurated&i=NM_000492.4
R31L,1,https://www.ncbi.nlm.nih.gov/clinvar/RCV000670527/
R31L,0,https://www.ncbi.nlm.nih.gov/clinvar/RCV000577473
R334L,0,https://www.ncbi.nlm.nih.gov/clinvar/variation/53160
R334L,1,https://www.ncbi.nlm.nih.gov/clinvar/RCV000046192.8/
R334Q,0,https://www.ncbi.nlm.nih.gov/clinvar/RCV000046192/
R334Q,1,https://www.ncbi.nlm.nih.gov/clinvar/RCV000046192.8/
R334W,0,https://www.ncbi.nlm.nih.gov/clinvar/RCV000007559/
R334W,1,https://www.ncbi.nlm.nih.gov/clinvar/RCV001004246
R347H,0,https://www.ncbi.nlm.nih.gov/clinvar/RCV000007602/
R347H,1,https://www.ncbi.nlm.nih.gov/clinvar/RCV000224726/
R347P,0,https://www.ncbi.nlm.nih.gov/clinvar/RCV000007530/
R347P,1,https://www.ncbi.nlm.nih.gov/clinvar/RCV001004251
R352Q,0,https://www.ncbi.nlm.nih.gov/clinvar/RCV000007619/
R352Q,1,https://www.ncbi.nlm.nih.gov/clinvar/RCV000763568
R352W,1,https://www.ncbi.nlm.nih.gov/clinvar/RCV000506190/
R352W,0,https://www.ncbi.nlm.nih.gov/clinvar/RCV000029469/
R553X,1,https://www.ncbi.nlm.nih.gov/clinvar/RCV000763575/
R553X,0,https://www.ncbi.nlm.nih.gov/clinvar/RCV000007542/
R560K,0,https://www.ncbi.nlm.nih.gov/clinvar/RCV000007576/
R560K,1,https://www.ncbi.nlm.nih.gov/clinvar/RCV000007576.9/
R560S,0,https://www.ncbi.nlm.nih.gov/clinvar/RCV000576677/
R560S,1,https://www.ncbi.nlm.nih.gov/clinvar/RCV000046417/
R560T,0,https://www.ncbi.nlm.nih.gov/clinvar/RCV000007533/
R560T,1,https://www.ncbi.nlm.nih.gov/clinvar/variation/7113/
R709X,0,https://www.ncbi.nlm.nih.gov/clinvar/RCV000056359/
R709X,1,https://www.ncbi.nlm.nih.gov/clinvar/RCV000727640/
R74W,0,https://www.ncbi.nlm.nih.gov/clinvar/RCV000177071/
R74W,1,https://www.ncbi.nlm.nih.gov/clinvar/RCV000479747/
R75X,1,https://www.ncbi.nlm.nih.gov/clinvar/RCV001004232.1/
R75X,0,https://www.ncbi.nlm.nih.gov/clinvar/RCV000056362/
R764X,0,https://www.ncbi.nlm.nih.gov/clinvar/RCV000056363/
R764X,1,https://www.ncbi.nlm.nih.gov/clinvar/variation/53471
R785X,0,https://www.ncbi.nlm.nih.gov/clinvar/RCV000046582.6/
R785X,1,https://www.ncbi.nlm.nih.gov/clinvar/RCV001004474.1/
R792X,1,https://www.ncbi.nlm.nih.gov/clinvar/RCV001004475.1
R792X,0,https://www.ncbi.nlm.nih.gov/clinvar/RCV000046586/
R851X,0,https://www.ncbi.nlm.nih.gov/clinvar/RCV000007561/
R851X,1,https://www.ncbi.nlm.nih.gov/clinvar/RCV000007561.11/
R933G,1,https://www.ncbi.nlm.nih.gov/clinvar/variation/53569
R933G,0,https://www.ncbi.nlm.nih.gov/clinvar/RCV000577327.4/
S1118F,1,https://www.ncbi.nlm.nih.gov/clinvar/RCV000576956.1/
S1118F,0,https://www.ncbi.nlm.nih.gov/clinvar/RCV000577360.2/
S1159F,0,https://www.ncbi.nlm.nih.gov/clinvar/RCV000577354.4/
S1159F,1,https://www.ncbi.nlm.nih.gov/clinvar/RCV000046908/
S1159P,1,https://www.ncbi.nlm.nih.gov/clinvar/RCV000029527/
S1159P,0,https://www.ncbi.nlm.nih.gov/clinvar/RCV000046907/
S1196X,1,https://www.ncbi.nlm.nih.gov/clinvar/variation/48674
S1196X,0,https://www.ncbi.nlm.nih.gov/clinvar/RCV000056383/
S1251N,0,https://www.ncbi.nlm.nih.gov/clinvar/RCV000007638/
S1251N,1,https://www.ncbi.nlm.nih.gov/clinvar/RCV000506301/
S1255P,0,https://www.ncbi.nlm.nih.gov/clinvar/RCV000007613/
S1255P,1,https://www.ncbi.nlm.nih.gov/clinvar/RCV000211376.1
S1255X,0,https://www.ncbi.nlm.nih.gov/clinvar/RCV000007545/
S13F,0,https://www.ncbi.nlm.nih.gov/clinvar/RCV000577001/
S13F,1,https://www.ncbi.nlm.nih.gov/clinvar/RCV001004226/
S1455X,0,https://www.ncbi.nlm.nih.gov/clinvar/RCV000590108/
S1455X,1,https://www.ncbi.nlm.nih.gov/clinvar/RCV001004310.1/
S341P,0,https://www.ncbi.nlm.nih.gov/clinvar/RCV001004248
S341P,1,https://www.ncbi.nlm.nih.gov/clinvar/RCV000056338/
S434X,0,https://www.ncbi.nlm.nih.gov/clinvar/RCV000007536/
S434X,1,https://www.ncbi.nlm.nih.gov/clinvar/RCV000047138/
S434X,2,https://www.ncbi.nlm.nih.gov/clinvar/variation/30266/
S466X,0,https://www.ncbi.nlm.nih.gov/clinvar/RCV000029475/
S466X,1,https://www.ncbi.nlm.nih.gov/clinvar/RCV000056348/
S466X;R1070Q,1,https://www.ncbi.nlm.nih.gov/clinvar/RCV000046825/
S466X;R1070Q,0,https://www.ncbi.nlm.nih.gov/clinvar/RCV000029475/
S489X,0,https://www.ncbi.nlm.nih.gov/clinvar/RCV000056349
S492F,0,https://www.ncbi.nlm.nih.gov/clinvar/RCV000007575/
S492F,1,https://www.ncbi.nlm.nih.gov/clinvar/RCV001004455
S4X,1,https://www.ncbi.nlm.nih.gov/clinvar/RCV000046255.7/
S4X,0,https://www.ncbi.nlm.nih.gov/clinvar/RCV000046255/
S549N,1,https://www.ncbi.nlm.nih.gov/clinvar/RCV001004465.1/
S549N,0,https://www.ncbi.nlm.nih.gov/clinvar/RCV000007536/
S549R,0,https://www.ncbi.nlm.nih.gov/clinvar/RCV001004466
S549R,1,https://www.ncbi.nlm.nih.gov/clinvar/RCV000043664.9/
S912L,1,https://www.ncbi.nlm.nih.gov/clinvar/RCV000506704/
S912L,0,https://www.ncbi.nlm.nih.gov/clinvar/RCV000007626/
S912X,0,https://www.ncbi.nlm.nih.gov/clinvar/RCV000046665/
S912X,1,https://www.ncbi.nlm.nih.gov/clinvar/RCV000007626/
S945L,0,https://www.ncbi.nlm.nih.gov/clinvar/RCV000056372/
S945L,1,https://www.ncbi.nlm.nih.gov/clinvar/RCV000056372.7
S977F,1,https://www.ncbi.nlm.nih.gov/clinvar/RCV000780158/
S977F,0,https://www.ncbi.nlm.nih.gov/clinvar/RCV000577087/
T1036N,0,https://www.ncbi.nlm.nih.gov/clinvar/RCV000577654.3/
T1036N,1,https://www.ncbi.nlm.nih.gov/clinvar/RCV000781270.4/
T1246I,1,https://www.ncbi.nlm.nih.gov/clinvar/RCV000781266/
T1246I,0,https://www.ncbi.nlm.nih.gov/clinvar/RCV000668850/
T338I,0,https://www.ncbi.nlm.nih.gov/clinvar/RCV000007614.14/
T338I,1,https://www.ncbi.nlm.nih.gov/clinvar/RCV000007614.11
V1153E,1,https://www.ncbi.nlm.nih.gov/clinvar/variation/53747
V1153E,0,https://www.ncbi.nlm.nih.gov/clinvar/RCV000577089.2/
V1240G,1,https://www.ncbi.nlm.nih.gov/clinvar/RCV000577207.3/
V1240G,0,https://www.ncbi.nlm.nih.gov/clinvar/RCV000577207
V201M,1,https://www.ncbi.nlm.nih.gov/clinvar/RCV000666392.5/
V201M,0,https://www.ncbi.nlm.nih.gov/clinvar/RCV000666392/
V232D,1,https://www.ncbi.nlm.nih.gov/clinvar/variation/54041
V232D,0,https://www.ncbi.nlm.nih.gov/clinvar/RCV000047235/
V456A,1,https://www.ncbi.nlm.nih.gov/clinvar/RCV001004447/
V456A,0,https://www.ncbi.nlm.nih.gov/clinvar/RCV000029474/
V520F,0,https://www.ncbi.nlm.nih.gov/clinvar/RCV000007570/
V520F,1,https://www.ncbi.nlm.nih.gov/clinvar/RCV001004460.1/
W1089X,0,https://www.ncbi.nlm.nih.gov/clinvar/RCV000007615/
W1089X,1,https://www.ncbi.nlm.nih.gov/clinvar/RCV000763581.1/
W1098C,0,https://www.ncbi.nlm.nih.gov/clinvar/RCV000757800
W1098C,1,https://www.ncbi.nlm.nih.gov/clinvar/RCV000576929.2/
W1098R,0,https://www.ncbi.nlm.nih.gov/clinvar/RCV000985688
W1098R,1,https://www.ncbi.nlm.nih.gov/clinvar/RCV000046854/
W1098X,1,https://www.ncbi.nlm.nih.gov/clinvar/RCV000046855/
W1098X,0,https://www.ncbi.nlm.nih.gov/clinvar/RCV000191002/
W1145X,1,https://www.ncbi.nlm.nih.gov/clinvar/variation/53741/
W1145X,0,https://www.ncbi.nlm.nih.gov/clinvar/RCV000007549/
W1204X,1,https://www.ncbi.nlm.nih.gov/clinvar/RCV000007633/
W1204X,0,https://www.ncbi.nlm.nih.gov/clinvar/RCV000056384/
W1274X,0,https://www.ncbi.nlm.nih.gov/clinvar/RCV000007549/
W1274X,1,https://www.ncbi.nlm.nih.gov/clinvar/variation/53817
W1282X,0,https://www.ncbi.nlm.nih.gov/clinvar/RCV000007549/
W1282X,1,https://www.ncbi.nlm.nih.gov/clinvar/RCV000763161/
W1282X;R1283M,0,https://www.ncbi.nlm.nih.gov/clinvar/RCV000007549/
W1310X,0,https://www.ncbi.nlm.nih.gov/clinvar/RCV000046825/
W19X,1,https://www.ncbi.nlm.nih.gov/clinvar/variation/487391/
W19X,0,https://www.ncbi.nlm.nih.gov/clinvar/RCV001283974
W216X,1,https://www.ncbi.nlm.nih.gov/clinvar/variation/54033
W216X,0,https://www.ncbi.nlm.nih.gov/clinvar/RCV000007536/
W401X,1,https://www.ncbi.nlm.nih.gov/clinvar/RCV000056344/
W401X,0,https://www.ncbi.nlm.nih.gov/clinvar/RCV000056343/
W496X,0,https://www.ncbi.nlm.nih.gov/clinvar/RCV000576357/
W496X,1,https://www.ncbi.nlm.nih.gov/clinvar/RCV000056379/
W57G,1,https://www.ncbi.nlm.nih.gov/clinvar/RCV001009532.1/
W57G,0,https://www.ncbi.nlm.nih.gov/clinvar/RCV000577563.2/
W57X,1,https://www.ncbi.nlm.nih.gov/clinvar/RCV000046437.4/
W57X,0,https://www.ncbi.nlm.nih.gov/clinvar/RCV000007599/
W846X,1,https://www.ncbi.nlm.nih.gov/clinvar/RCV000056367/
W846X,0,https://www.ncbi.nlm.nih.gov/clinvar/RCV000007547/
W882X,1,https://www.ncbi.nlm.nih.gov/clinvar/variation/53535
W882X,0,https://www.ncbi.nlm.nih.gov/clinvar/RCV000007549/
Y1014C,1,https://www.ncbi.nlm.nih.gov/clinvar/RCV000987964.3/
Y1014C,0,https://www.ncbi.nlm.nih.gov/clinvar/RCV000152997/
Y1032C,1,https://www.ncbi.nlm.nih.gov/clinvar/variation/35861/
Y1032C,0,https://www.ncbi.nlm.nih.gov/clinvar/RCV000029516.8/
Y1092X,1,https://www.ncbi.nlm.nih.gov/clinvar/RCV000056380/
Y1092X,0,https://www.ncbi.nlm.nih.gov/clinvar/RCV000056379/
Y109X,1,https://www.ncbi.nlm.nih.gov/clinvar/variation/53702
Y109X,0,https://www.ncbi.nlm.nih.gov/clinvar/RCV000056379/
Y122X,0,https://www.ncbi.nlm.nih.gov/clinvar/RCV000056385.5/
Y122X,1,https://www.ncbi.nlm.nih.gov/clinvar/RCV001529907
Y161D,0,https://www.ncbi.nlm.nih.gov/clinvar/24358794/
Y275X,0,https://www.ncbi.nlm.nih.gov/clinvar/RCV001004239.1/
Y275X,1,https://www.ncbi.nlm.nih.gov/clinvar/variation/35890
Y563D,1,https://www.ncbi.nlm.nih.gov/clinvar/RCV000007534.9/
Y563D,0,https://www.ncbi.nlm.nih.gov/clinvar/RCV000757828
Y563N,0,https://www.ncbi.nlm.nih.gov/clinvar/RCV000007534.9/
Y563N,1,https://www.ncbi.nlm.nih.gov/clinvar/RCV000757828
Y563X,2,https://www.ncbi.nlm.nih.gov/clinvar/variation/2136602/
Y563X,1,https://www.ncbi.nlm.nih.gov/clinvar/RCV000007536/
Y563X,0,https://www.ncbi.nlm.nih.gov/clinvar/RCV000056379/
Y569D,0,https://www.ncbi.nlm.nih.gov/clinvar/RCV000046434/
Y577X,1,https://www.ncbi.nlm.nih.gov/clinvar/RCV000056379/
Y577X,0,https://www.ncbi.nlm.nih.gov/clinvar/RCV000029487/
Y849X,2,https://www.ncbi.nlm.nih.gov/clinvar/variation/53509
Y849X,1,https://www.ncbi.nlm.nih.gov/clinvar/RCV000056379/
Y849X,0,https://www.ncbi.nlm.nih.gov/clinvar/RCV000007536/
Y913X,0,https://www.ncbi.nlm.nih.gov/clinvar/RCV000046670/
Y913X,1,https://www.ncbi.nlm.nih.gov/clinvar/RCV000056379/
